Female,Male,Cahul,Chisinau,Comrat,Edinet,Orhei,Soroca,Stauceni,Tiraspol,Ungheni,Qualifications,Work Type,Min_experience,Max_experience,Soft_Skills_Score,Tech_Backend,Tech_Frontend,Tech_DevOps_Cloud,Tech_Data_AI,Mgmt_Project_Agile,Mgmt_Strategic_Leadership,Fin_Accounting_Audit,Fin_Analysis_Investment,Legal_Services,Mkt_Digital_SEO,Creative_Design_Art,Health_Medical,Science_Engineering,Service_Events,Service_Specialized,Bonuses and Incentive Programs,Casual Dress Code,Childcare Assistance,Employee Assistance Programs (EAP),Employee Discounts,Employee Recognition Programs,Employee Referral Programs,Financial Counseling,Flexible Spending Accounts (FSAs),Flexible Work Arrangements,Health Insurance,Health and Wellness Facilities,Legal Assistance,Life and Disability Insurance,Paid Time Off (PTO),Parental Leave,Professional Development,Profit-Sharing,Relocation Assistance,Retirement Plans,Social and Recreational Activities,Stock Options or Equity Grants,Transportation Benefits,Tuition Reimbursement,Wellness Programs,Balti
1,0,0,0,0,0,0,0,0,0,0,1,1,1.0,1.0,2,0,0,0,0,0,0,0,0,0,0,0,0,0,0,0,0,0,0,0,0,0,0,0,0,0,0,0,0,0,0,0,0,0,0,0,0,0,0,0,0,1.0
1,0,0,0,0,0,0,0,0,0,0,1,1,1.0,1.0,2,0,0,0,0,0,0,0,0,0,0,0,0,0,0,0,0,0,0,0,0,0,0,0,0,0,0,0,0,0,0,0,0,0,0,0,0,0,0,0,0,1.0
1,0,0,0,0,0,0,0,0,0,0,1,1,1.0,1.0,2,0,0,0,0,0,0,0,0,0,0,0,0,0,0,0,0,0,0,0,0,0,0,0,0,0,0,0,0,0,0,0,0,0,0,0,0,0,0,0,0,1.0
1,0,0,0,0,0,0,0,0,0,0,1,1,1.0,1.0,2,0,0,0,0,0,0,0,0,0,0,0,0,0,0,0,0,0,0,0,0,0,0,0,0,0,0,0,0,0,0,0,0,0,0,0,0,0,0,0,0,1.0
1,0,0,0,0,0,0,0,0,0,0,1,1,1.0,1.0,2,0,0,0,0,0,0,0,0,0,0,0,0,0,0,0,0,0,0,0,0,0,0,0,0,0,0,0,0,0,0,0,0,0,0,0,0,0,0,0,0,1.0
1,0,0,0,0,0,0,0,0,0,0,1,1,1.0,1.0,2,0,0,0,0,0,0,0,0,0,0,0,0,0,0,0,0,0,0,0,0,0,0,0,0,0,0,0,0,0,0,0,0,0,0,0,0,0,0,0,0,1.0
1,0,0,0,0,0,0,0,0,0,0,2,5,3.0,3.0,2,1,0,0,0,0,0,0,0,0,0,0,0,0,0,0,0,0,0,0,0,0,0,0,0,0,0,0,0,0,0,0,0,0,0,0,0,0,0,0,0,1.0
0,1,0,0,0,0,0,0,0,0,0,1,1,1.0,1.0,2,0,0,0,0,0,0,0,0,0,0,1,0,0,0,1,0,0,0,0,0,0,0,0,0,0,0,0,0,0,0,0,0,0,0,0,0,0,1,0,0,1.0
1,0,0,0,0,0,0,0,0,0,0,4,4,1.0,1.0,3,1,0,0,0,0,0,0,0,0,1,0,0,0,0,0,0,0,0,0,0,0,0,0,0,0,0,0,0,0,0,0,0,0,0,1,0,0,0,0,0,1.0
0,1,0,0,0,0,0,0,0,0,0,3,4,7.0,7.0,2,1,0,0,0,0,0,0,0,0,0,0,0,0,0,0,0,0,0,0,0,0,0,0,0,0,0,0,0,0,0,0,0,0,0,0,0,0,0,0,0,1.0
1,0,0,0,0,0,0,0,0,0,0,3,1,1.0,1.0,2,0,0,0,0,0,0,0,0,0,0,0,0,0,0,0,0,0,0,0,0,0,0,0,0,0,0,0,0,0,0,0,0,0,0,0,0,0,0,0,1,1.0
1,0,0,0,0,0,0,0,0,0,0,1,1,1.0,1.0,2,0,0,0,0,0,0,0,0,0,0,0,0,0,0,0,0,0,0,0,0,0,0,0,0,0,0,0,0,0,0,0,0,0,0,0,0,0,0,0,0,1.0
1,0,0,0,0,0,0,0,0,0,0,1,1,1.0,1.0,2,0,0,0,0,0,0,0,0,0,0,0,0,0,0,0,0,0,0,0,0,0,0,0,0,0,0,0,0,0,0,0,0,0,0,0,0,0,0,0,0,1.0
0,1,0,1,0,0,0,0,0,0,0,5,5,5.0,5.0,3,1,0,0,0,0,0,0,0,0,0,1,0,0,1,0,0,0,0,0,0,0,0,1,0,0,1,0,0,1,0,0,1,0,0,0,0,0,0,0,0,
1,0,0,0,0,0,0,0,0,0,0,3,1,3.0,3.0,3,1,0,1,1,0,0,0,0,0,0,0,0,0,0,0,0,0,0,0,0,0,0,0,0,0,0,1,0,0,1,0,0,1,0,0,0,0,0,1,0,1.0
0,1,0,1,0,0,0,0,0,0,0,5,5,13.5,13.5,3,1,1,1,1,0,1,0,0,0,1,0,0,0,0,0,0,0,0,1,1,0,0,0,0,0,0,0,0,0,1,0,0,1,0,0,0,0,0,0,0,
1,0,1,0,0,0,0,0,0,0,0,5,1,11.0,11.0,0,1,0,1,0,0,0,0,0,0,0,0,0,0,0,0,1,0,0,0,1,0,0,0,0,0,0,0,0,0,0,0,1,1,0,0,0,0,1,0,0,
0,1,1,0,0,0,0,0,0,0,0,5,1,11.0,11.0,0,1,0,1,0,0,0,0,0,0,0,0,0,0,0,0,1,0,0,0,1,0,0,0,0,0,0,0,0,0,0,0,1,1,0,0,0,0,1,0,0,
0,1,0,0,0,0,0,1,0,0,0,4,2,11.0,11.0,3,1,0,1,0,0,1,0,0,0,0,1,0,0,1,0,0,0,0,0,1,0,0,0,0,0,0,0,0,0,1,0,1,1,0,1,1,0,1,0,0,
1,0,0,0,0,0,0,0,0,0,0,3,2,7.0,7.0,3,1,1,0,1,0,1,0,0,0,0,1,0,0,0,0,0,0,0,0,1,0,0,0,0,0,1,0,0,1,0,1,1,0,1,0,0,0,0,0,0,1.0
1,0,0,0,0,0,0,0,0,0,0,3,5,9.0,9.0,3,1,1,0,1,0,1,1,0,0,0,1,0,0,0,0,0,0,0,0,0,0,0,1,0,0,1,0,0,1,1,0,0,1,0,0,1,0,1,0,0,1.0
1,0,0,0,0,0,0,0,0,0,0,1,1,7.0,7.0,2,0,0,0,0,0,0,0,0,0,0,0,0,0,0,1,0,0,0,0,0,0,0,0,0,0,0,0,0,0,0,1,0,0,1,0,0,0,0,0,0,1.0
1,0,0,0,0,0,0,0,0,0,0,1,1,1.0,1.0,2,0,0,0,0,0,0,0,0,0,0,0,0,0,0,1,0,0,0,0,0,0,0,0,0,0,0,0,0,0,0,0,0,0,0,0,0,0,0,0,0,1.0
1,0,0,0,0,0,0,0,0,0,0,1,1,1.0,1.0,2,0,0,0,0,0,0,0,0,0,0,0,0,0,0,1,0,0,0,0,0,0,0,0,0,0,0,0,0,0,0,0,0,0,0,0,0,0,0,0,0,1.0
1,0,0,0,0,0,0,0,0,0,0,1,1,1.0,1.0,2,0,0,0,0,0,0,0,0,0,0,0,0,0,0,0,0,0,0,0,0,0,0,0,0,0,0,0,0,0,0,0,0,0,0,0,0,0,0,0,0,1.0
1,0,0,0,0,0,0,0,0,0,0,1,1,1.0,1.0,2,0,0,0,0,0,0,0,0,0,0,0,0,0,0,0,0,0,0,0,0,0,0,0,0,0,0,0,0,0,0,0,0,0,0,0,0,0,0,0,0,1.0
1,0,0,0,0,0,0,0,0,0,0,1,1,1.0,1.0,2,0,0,0,0,0,0,0,0,0,0,0,0,0,0,0,0,0,0,0,0,0,0,0,0,0,0,0,0,0,0,0,0,0,0,0,0,0,0,0,0,1.0
1,0,0,0,0,0,0,0,0,0,0,1,1,1.0,1.0,2,0,0,0,0,0,0,0,0,0,0,0,0,0,0,0,0,0,0,0,0,0,0,0,0,0,0,0,0,0,0,0,0,0,0,0,0,0,0,0,0,1.0
1,0,0,0,0,0,0,0,0,0,0,5,1,1.0,1.0,2,1,1,0,0,0,0,0,0,0,0,0,0,0,0,0,0,0,0,0,0,0,0,0,0,0,0,0,0,0,0,0,0,0,0,0,0,0,0,0,0,1.0
1,0,0,0,0,0,0,1,0,0,0,5,1,7.0,7.0,2,1,0,0,0,1,0,0,0,0,0,0,0,0,0,0,0,0,0,0,0,0,0,0,0,0,0,0,0,0,0,0,0,0,0,0,0,0,1,1,0,
1,0,0,0,0,0,0,0,0,0,0,5,1,1.0,1.0,2,0,0,0,0,0,0,0,0,0,0,0,0,0,0,0,0,0,0,0,0,0,0,0,0,0,0,0,0,0,0,0,0,0,0,0,0,0,0,0,0,1.0
1,0,0,0,0,0,0,0,0,0,0,3,1,7.0,7.0,2,0,0,0,0,0,0,0,0,0,0,0,0,0,0,0,0,0,0,0,0,0,0,0,0,0,0,0,0,0,0,0,0,0,0,0,0,0,0,0,0,1.0
1,0,0,0,0,0,0,0,0,0,0,5,1,5.0,5.0,3,1,1,1,1,0,0,0,0,0,0,0,0,0,0,0,0,0,0,0,0,0,0,0,0,0,0,0,0,0,0,0,0,0,0,0,0,0,0,0,0,1.0
1,0,0,0,0,0,0,0,0,0,0,1,1,1.0,1.0,2,0,0,0,0,0,0,0,0,0,0,0,0,0,0,0,0,0,0,0,0,0,0,0,0,0,0,0,0,0,0,0,0,0,0,0,0,0,0,0,0,1.0
1,0,0,0,0,0,0,0,0,0,0,1,1,1.0,1.0,2,0,0,0,0,0,0,0,0,0,0,0,0,0,0,0,0,0,0,0,0,0,0,0,0,0,0,0,0,0,0,0,0,0,0,0,0,0,0,0,0,1.0
1,0,0,0,0,0,0,0,0,0,0,1,1,1.0,1.0,2,0,0,0,0,0,0,0,0,0,0,0,0,0,0,0,0,0,0,0,0,0,0,0,0,0,0,0,0,0,0,0,0,0,0,0,0,0,0,0,0,1.0
1,0,0,0,0,0,0,0,0,0,0,1,1,1.0,1.0,2,0,0,0,0,0,0,0,0,0,0,0,0,0,0,0,0,0,0,0,0,0,0,0,0,0,0,0,0,0,0,0,0,0,0,0,0,0,0,0,0,1.0
1,0,0,0,0,0,0,0,0,0,0,1,1,1.0,1.0,2,0,0,0,0,0,0,0,0,0,0,0,0,0,0,0,0,0,0,0,0,0,0,0,0,0,0,0,0,0,0,0,0,0,0,0,0,0,0,0,0,1.0
1,0,0,0,0,0,0,0,0,0,0,1,1,1.0,1.0,2,0,0,0,0,0,0,0,0,0,0,0,0,0,0,0,0,0,0,0,0,0,0,0,0,0,0,0,0,0,0,0,0,0,0,0,0,0,0,0,0,1.0
1,0,0,0,1,0,0,0,0,0,0,1,1,1.0,1.0,2,0,0,0,0,0,0,0,0,0,0,0,0,0,0,0,0,0,0,0,0,0,0,0,0,0,0,0,0,0,0,0,0,0,0,0,0,0,0,0,0,
1,0,0,0,0,0,0,0,0,0,0,1,1,1.0,1.0,2,0,0,0,0,0,0,0,0,0,0,0,0,0,0,0,0,0,0,0,0,0,0,0,0,0,0,0,0,0,0,0,0,0,0,0,0,0,0,0,0,1.0
1,0,1,0,0,0,0,0,0,0,0,1,1,1.0,1.0,2,0,0,0,0,0,0,0,0,0,0,0,0,0,0,0,0,0,0,0,0,0,0,0,0,0,0,0,0,0,0,0,0,0,0,0,0,0,0,0,0,
1,0,0,0,0,0,0,0,0,0,0,1,1,1.0,1.0,2,0,0,0,0,0,0,0,0,0,0,0,0,0,0,0,0,0,0,0,0,0,0,0,0,0,0,0,0,0,0,0,0,0,0,0,0,0,0,0,0,1.0
1,0,0,1,0,0,0,0,0,0,0,1,1,1.0,1.0,2,0,0,0,0,0,0,0,0,0,0,0,0,0,0,0,0,0,0,0,0,0,0,0,0,0,0,0,0,0,0,0,0,0,0,0,0,0,0,0,0,
1,0,0,0,0,0,0,0,0,0,0,1,1,1.0,1.0,2,0,0,0,0,0,0,0,0,0,0,0,0,0,0,0,0,0,0,0,0,0,0,0,0,0,0,0,0,0,0,0,0,0,0,0,0,0,0,0,0,1.0
1,0,0,0,0,0,1,0,0,0,0,1,1,1.0,1.0,2,0,0,0,0,0,0,0,0,0,0,0,0,0,0,0,0,0,0,0,0,0,0,0,0,0,0,0,0,0,0,0,0,0,0,0,0,0,0,0,0,
1,0,0,0,1,0,0,0,0,0,0,1,1,1.0,1.0,2,0,0,0,0,0,0,0,0,0,0,0,0,0,0,0,0,0,0,0,0,0,0,0,0,0,0,0,0,0,0,0,0,0,0,0,0,0,0,0,0,
1,0,0,0,0,0,0,0,0,0,0,1,1,1.0,1.0,2,0,0,0,0,0,0,0,0,0,0,0,0,0,0,0,0,0,0,0,0,0,0,0,0,0,0,0,0,0,0,0,0,0,0,0,0,0,0,0,0,1.0
1,0,0,0,0,0,0,0,0,0,0,1,1,1.0,1.0,2,0,0,0,0,0,0,0,0,0,0,0,0,0,0,0,0,0,0,0,0,0,0,0,0,0,0,0,0,0,0,0,0,0,0,0,0,0,0,0,0,1.0
1,0,0,0,0,0,0,0,0,0,0,1,1,1.0,1.0,2,0,0,0,0,0,0,0,0,0,0,0,0,0,0,0,0,0,0,0,0,0,0,0,0,0,0,0,0,0,0,0,0,0,0,0,0,0,0,0,0,1.0
1,0,0,0,0,0,0,1,0,0,0,1,1,1.0,1.0,2,0,0,0,0,0,0,0,0,0,0,0,0,0,0,0,0,0,0,0,0,0,0,0,0,0,0,0,0,0,0,0,0,0,0,0,0,0,0,0,0,
1,0,0,1,0,0,0,0,0,0,0,5,1,1.0,1.0,2,1,0,0,0,0,0,0,0,0,0,0,0,0,0,0,0,0,0,0,0,0,0,0,0,0,0,0,0,0,0,0,0,0,0,0,0,0,0,0,0,
1,0,0,0,0,0,0,0,0,0,0,1,1,1.0,1.0,2,0,0,0,0,0,0,0,0,0,0,0,0,0,0,0,0,0,0,0,0,0,0,0,0,0,0,0,0,0,0,0,0,0,0,0,0,0,0,0,0,1.0
